{
	"tiles":[
		{
		"volumes":[
			{
			"rectangle":false
			}		]
		},
		{
		"volumes":[
			{
			"rectangle":false
			}		]
		},
		{
		"volumes":[
			{
			"rectangle":false
			}		]
		},
		{
		"volumes":[
			{
			"rectangle":false
			}		]
		},
		{
		"volumes":[
			{
			"verts":[
				{
				"x":3,
				"y":12
				},
				{
				"x":1,
				"y":6
				},
				{
				"x":7,
				"y":3
				},
				{
				"x":11,
				"y":3
				},
				{
				"x":15,
				"y":11
				},
				{
				"x":13,
				"y":19
				},
				{
				"x":6,
				"y":25
				}			],
			"rectangle":false
			},
			{
			"verts":[
				{
				"x":7,
				"y":10
				},
				{
				"x":17,
				"y":4
				},
				{
				"x":25,
				"y":8
				},
				{
				"x":27,
				"y":17
				},
				{
				"x":19,
				"y":23
				},
				{
				"x":12,
				"y":25
				},
				{
				"x":8,
				"y":25
				},
				{
				"x":6,
				"y":19
				}			],
			"rectangle":false
			}		]
		},
		{
		"volumes":[
			{
			"rectangle":false
			}		]
		},
		{
		"volumes":[
			{
			"rectangle":false
			}		]
		},
		{
		"volumes":[
			{
			"rectangle":false
			}		]
		},
		{
		"volumes":[
			{
			"rectangle":false
			}		]
		},
		{
		"volumes":[
			{
			"verts":[
				{
				"x":9,
				"y":0
				},
				{
				"x":32,
				"y":0
				},
				{
				"x":32,
				"y":23
				},
				{
				"x":9,
				"y":23
				}			],
			"rectangle":true
			}		]
		},
		{
		"volumes":[
			{
			"rectangle":false
			}		]
		},
		{
		"volumes":[
			{
			"rectangle":false
			}		]
		},
		{
		"volumes":[
			{
			"rectangle":false
			}		]
		},
		{
		"volumes":[
			{
			"rectangle":false
			}		]
		},
		{
		"volumes":[
			{
			"rectangle":false
			}		]
		},
		{
		"volumes":[
			{
			"rectangle":false
			}		]
		}	]
}
